"","Expiry","Texp","Strike","Bid","Ask","Fwd","CallMid"
"1",20230830,0.0054757015742642,10,NA,2.54053322656729,15.2292039779224,NA
"2",20230830,0.0054757015742642,10.5,NA,2.27598615791515,15.2292039779224,NA
"3",20230830,0.0054757015742642,11,NA,2.0217618167296,15.2292039779224,NA
"4",20230830,0.0054757015742642,11.5,NA,1.77651452789216,15.2292039779224,NA
"5",20230830,0.0054757015742642,12,NA,1.53895653276143,15.2292039779224,NA
"6",20230830,0.0054757015742642,12.5,NA,1.30778821826932,15.2292039779224,NA
"7",20230830,0.0054757015742642,13,NA,1.08159454060847,15.2292039779224,NA
"8",20230830,0.0054757015742642,13.5,NA,0.85865691000482,15.2292039779224,NA
"9",20230830,0.0054757015742642,14,NA,0.80153100936617,15.2292039779224,NA
"10",20230830,0.0054757015742642,14.5,0.410761833650608,0.700797136252955,15.2292039779224,0.769800993089945
"11",20230830,0.0054757015742642,15,0.633477131653295,0.752372097069091,15.2292039779224,0.437263680631153
"12",20230830,0.0054757015742642,16,0.939211955573796,1.04968914254497,15.2292039779224,0.172537314421825
"13",20230830,0.0054757015742642,17,1.18673825565284,1.3564648691818,15.2292039779224,0.0913432841053124
"14",20230830,0.0054757015742642,18,1.33485153813606,1.66026520980422,15.2292039779224,0.0558208958430886
"15",20230830,0.0054757015742642,19,1.55403674930573,1.9126027688698,15.2292039779224,0.0405970151625941
"16",20230830,0.0054757015742642,20,1.97081529827145,2.0744518234343,15.2292039779224,0.035522388260202
"17",20230830,0.0054757015742642,21,1.91416732763983,2.36427203606941,15.2292039779224,0.0253731344735429
"18",20230830,0.0054757015742642,22,2.14680017438363,2.51173974626211,15.2292039779224,0.0202985075815984
"19",20230830,0.0054757015742642,23,2.36529644084289,2.88574989070023,15.2292039779224,0.0253731344752017
"20",20230830,0.0054757015742642,24,2.81488677035577,3.1227007204103,15.2292039779224,0.0304477613737205
"21",20230830,0.0054757015742642,25,NA,2.76655006353352,15.2292039779224,NA
"22",20230830,0.0054757015742642,26,2.95187231982481,3.22075831659689,15.2292039779224,0.0152238806860767
"23",20230830,0.0054757015742642,27,NA,3.60375415896699,15.2292039779224,NA
"24",20230830,0.0054757015742642,28,3.29679310277579,3.5879176741496,15.2292039779224,0.0152238806860332
"25",20230830,0.0054757015742642,29,NA,3.96800029381331,15.2292039779224,NA
"26",20230830,0.0054757015742642,30,NA,3.92321737205458,15.2292039779224,NA
"27",20230830,0.0054757015742642,31,NA,4.3016175007348,15.2292039779224,NA
"28",20230830,0.0054757015742642,32,NA,4.23176388836821,15.2292039779224,NA
"29",20230830,0.0054757015742642,33,NA,4.60935172637553,15.2292039779224,NA
"30",20230830,0.0054757015742642,34,NA,4.75469945476805,15.2292039779224,NA
"31",20230830,0.0054757015742642,35,NA,4.3005794915213,15.2292039779224,NA
"32",20230830,0.0054757015742642,36,NA,4.78350814706333,15.2292039779224,NA
"33",20230830,0.0054757015742642,37,NA,4.54362624148416,15.2292039779224,NA
"34",20230830,0.0054757015742642,38,NA,5.03231849097085,15.2292039779224,NA
"35",20230830,0.0054757015742642,39,NA,4.77163650311694,15.2292039779224,NA
"36",20230830,0.0054757015742642,40,NA,5.26597365457933,15.2292039779224,NA
"37",20230830,0.0054757015742642,42.5,NA,5.13948243239924,15.2292039779224,NA
"38",20230830,0.0054757015742642,45,NA,5.79432588576878,15.2292039779224,NA
"39",20230830,0.0054757015742642,47.5,NA,5.60805625526726,15.2292039779224,NA
"40",20230830,0.0054757015742642,50,NA,5.82149219536035,15.2292039779224,NA
"41",20230830,0.0054757015742642,55,NA,6.21392538782095,15.2292039779224,NA
"42",20230830,0.0054757015742642,60,NA,6.56772054044062,15.2292039779224,NA
"43",20230830,0.0054757015742642,65,NA,6.8896290583818,15.2292039779224,NA
"44",20230830,0.0054757015742642,70,NA,7.18478499063254,15.2292039779224,NA
"45",20230830,0.0054757015742642,75,NA,7.4571829876622,15.2292039779224,NA
"46",20230830,0.0054757015742642,80,NA,8.24077216786404,15.2292039779224,NA
"47",20230830,0.0054757015742642,85,NA,8.48762623916321,15.2292039779224,NA
"48",20230830,0.0054757015742642,90,NA,8.71870955475432,15.2292039779224,NA
"49",20230830,0.0054757015742642,95,NA,8.93585916704224,15.2292039779224,NA
"50",20230830,0.0054757015742642,100,NA,9.14061184776933,15.2292039779224,NA
"51",20230906,0.0246406570841889,10,NA,1.29829911487439,15.9001306848618,NA
"52",20230906,0.0246406570841889,10.5,NA,1.29756399795559,15.9001306848618,NA
"53",20230906,0.0246406570841889,11,NA,1.16914871615981,15.9001306848618,NA
"54",20230906,0.0246406570841889,11.5,NA,1.0454255575482,15.9001306848618,NA
"55",20230906,0.0246406570841889,12,NA,0.925780204724808,15.9001306848618,NA
"56",20230906,0.0246406570841889,12.5,NA,0.870019759768534,15.9001306848618,NA
"57",20230906,0.0246406570841889,13,NA,0.83353716823766,15.9001306848618,NA
"58",20230906,0.0246406570841889,13.5,0.520364173593616,0.672158842373902,15.9001306848618,2.42529224856707
"59",20230906,0.0246406570841889,14,0.550800694203549,0.679789922016859,15.9001306848618,1.96555075054017
"60",20230906,0.0246406570841889,14.5,0.558948022247755,0.628168564165248,15.9001306848618,1.52090619067294
"61",20230906,0.0246406570841889,15,0.553502252172498,0.738439881699225,15.9001306848618,1.17690788573226
"62",20230906,0.0246406570841889,16,0.603094105921009,0.825479232754219,15.9001306848618,0.664265282143915
"63",20230906,0.0246406570841889,17,0.74861013783604,0.916328638431765,15.9001306848618,0.417681957749445
"64",20230906,0.0246406570841889,18,0.944184663694223,1.02315925805551,15.9001306848618,0.312003390094562
"65",20230906,0.0246406570841889,19,0.994210675870836,1.14133692697342,15.9001306848618,0.21638944796182
"66",20230906,0.0246406570841889,20,1.09846856461252,1.23726651335923,15.9001306848618,0.166066320528172
"67",20230906,0.0246406570841889,21,1.18589604566015,1.35041754839686,15.9001306848618,0.135872444089759
"68",20230906,0.0246406570841889,22,1.26959417235047,1.43659155511537,15.9001306848618,0.110710880338388
"69",20230906,0.0246406570841889,23,1.36465881428644,1.4954828172754,15.9001306848618,0.0905816293896291
"70",20230906,0.0246406570841889,24,1.44416802884195,1.55849772506628,15.9001306848618,0.0754846911423052
"71",20230906,0.0246406570841889,25,1.55571761469477,1.67550301689655,15.9001306848618,0.0754846911409595
"72",20230906,0.0246406570841889,26,1.55490639096829,1.74753997490437,15.9001306848618,0.0603877529152117
"73",20230906,0.0246406570841889,27,1.7093669554844,1.85081067554129,15.9001306848618,0.0654200656668625
"74",20230906,0.0246406570841889,28,1.67013624436694,1.90462617859249,15.9001306848618,0.0503231274277066
"75",20230906,0.0246406570841889,29,1.66166032869267,1.99681688028067,15.9001306848618,0.0452908146990547
"76",20230906,0.0246406570841889,30,1.73947299016693,2.0335963065805,15.9001306848618,0.0402585019496571
"77",20230906,0.0246406570841889,31,1.9915159394514,2.05807887542262,15.9001306848618,0.045290814692053
"78",20230906,0.0246406570841889,32,1.738649868358,2.13622508934938,15.9001306848618,0.0301938764593504
"79",20230906,0.0246406570841889,33,1.8036717036831,2.21132816325338,15.9001306848618,0.0301938764587588
"80",20230906,0.0246406570841889,34,1.86635455001072,2.28361451489477,15.9001306848618,0.0301938764625975
"81",20230906,0.0246406570841889,35,1.92685933391546,2.3532855679551,15.9001306848618,0.0301938764605956
"82",20230906,0.0246406570841889,36,1.98533059826161,2.34627803671552,15.9001306848618,0.0251615637152592
"83",20230906,0.0246406570841889,37,2.04189872297093,2.40990865364752,15.9001306848618,0.025161563720169
"84",20230906,0.0246406570841889,38,NA,2.47146755369865,15.9001306848618,NA
"85",20230906,0.0246406570841889,39,NA,2.5310827844097,15.9001306848618,NA
"86",20230906,0.0246406570841889,40,NA,2.58887076459495,15.9001306848618,NA
"87",20230906,0.0246406570841889,42.5,NA,2.62854948800036,15.9001306848618,NA
"88",20230906,0.0246406570841889,45,NA,2.75326071190619,15.9001306848618,NA
"89",20230906,0.0246406570841889,47.5,NA,2.87003082135779,15.9001306848618,NA
"90",20230906,0.0246406570841889,50,2.64621937502021,2.97978574831831,15.9001306848618,0.0201292509723859
"91",20230906,0.0246406570841889,55,NA,3.03996341782888,15.9001306848618,NA
"92",20230906,0.0246406570841889,60,NA,3.21567995356836,15.9001306848618,NA
"93",20230906,0.0246406570841889,65,NA,3.37537567188778,15.9001306848618,NA
"94",20230906,0.0246406570841889,70,NA,3.52165435600112,15.9001306848618,NA
"95",20230906,0.0246406570841889,75,NA,3.65653692656428,15.9001306848618,NA
"96",20230906,0.0246406570841889,80,NA,3.78162308202115,15.9001306848618,NA
"97",20230906,0.0246406570841889,85,NA,3.89820050097759,15.9001306848618,NA
"98",20230906,0.0246406570841889,90,NA,4.00732081003834,15.9001306848618,NA
"99",20230906,0.0246406570841889,95,NA,4.10985377164685,15.9001306848618,NA
"100",20230906,0.0246406570841889,100,NA,4.20652678234883,15.9001306848618,NA
"101",20230913,0.0438056125941136,10,NA,1.10324685507096,16.1746677802318,NA
"102",20230913,0.0438056125941136,10.5,NA,1.00352840616226,16.1746677802318,NA
"103",20230913,0.0438056125941136,11,NA,0.907855847344735,16.1746677802318,NA
"104",20230913,0.0438056125941136,11.5,NA,0.815745956225312,16.1746677802318,NA
"105",20230913,0.0438056125941136,12,NA,0.778269825697311,16.1746677802318,NA
"106",20230913,0.0438056125941136,12.5,NA,0.72546912999494,16.1746677802318,NA
"107",20230913,0.0438056125941136,13,0.498357722557986,0.71482643749013,16.1746677802318,3.21432547175919
"108",20230913,0.0438056125941136,13.5,0.542391846705857,0.656389429080022,16.1746677802318,2.73911152893933
"109",20230913,0.0438056125941136,14,0.536741360723727,0.673653944270467,16.1746677802318,2.29859806620797
"110",20230913,0.0438056125941136,14.5,0.546591007754561,0.680932697016455,16.1746677802318,1.89278508361487
"111",20230913,0.0438056125941136,15,0.551486157659281,0.660986607274648,16.1746677802318,1.51175815823989
"112",20230913,0.0438056125941136,16,0.60198969224378,0.794953934401938,16.1746677802318,1.02730814810008
"113",20230913,0.0438056125941136,17,0.687446965769043,0.853295996367314,16.1746677802318,0.703924024584632
"114",20230913,0.0438056125941136,18,0.795382565285041,0.928764457221168,16.1746677802318,0.525464412766814
"115",20230913,0.0438056125941136,19,0.936489940231381,1.00180969604383,16.1746677802318,0.431277395326371
"116",20230913,0.0438056125941136,20,0.969814355502684,1.08864772950072,16.1746677802318,0.332133166569816
"117",20230913,0.0438056125941136,21,1.04480636962622,1.1674449840367,16.1746677802318,0.277603840657404
"118",20230913,0.0438056125941136,22,1.09413220214075,1.23494425120623,16.1746677802318,0.228031726274244
"119",20230913,0.0438056125941136,23,1.17027591420727,1.29627407646303,16.1746677802318,0.198288457640708
"120",20230913,0.0438056125941136,24,1.21356179793712,1.3402639019616,16.1746677802318,0.163587977519309
"121",20230913,0.0438056125941136,25,1.28411512706937,1.40284991446108,16.1746677802318,0.14871634322035
"122",20230913,0.0438056125941136,26,1.32183789044158,1.45514917561191,16.1746677802318,0.128887497459534
"123",20230913,0.0438056125941136,27,1.37435077356244,1.51878126767156,16.1746677802318,0.118973074585091
"124",20230913,0.0438056125941136,28,1.41914361012309,1.55302417684004,16.1746677802318,0.104101440262178
"125",20230913,0.0438056125941136,29,1.45611091459972,1.60260165285975,16.1746677802318,0.0941870173944804
"126",20230913,0.0438056125941136,30,1.58841700934544,1.64623222009309,16.1746677802318,0.0991442287954685
"127",20230913,0.0438056125941136,31,1.50440264887348,1.68400150390101,16.1746677802318,0.0743581716120146
"128",20230913,0.0438056125941136,32,1.56310362466026,1.74708520354283,16.1746677802318,0.0743581716114825
"129",20230913,0.0438056125941136,33,1.56835560076862,1.77575459108123,16.1746677802318,0.0644437487360221
"130",20230913,0.0438056125941136,34,1.62148913486101,1.79852101181512,16.1746677802318,0.0594865372910393
"131",20230913,0.0438056125941136,35,1.60947085199246,1.85332416994204,16.1746677802318,0.0545293258458469
"132",20230913,0.0438056125941136,36,1.65762345045707,1.86710289563909,16.1746677802318,0.0495721144019599
"133",20230913,0.0438056125941136,37,1.70416588430381,1.91747576217392,16.1746677802318,0.0495721144032165
"134",20230913,0.0438056125941136,38,1.6645015082137,1.96617982874917,16.1746677802318,0.0446149029680182
"135",20230913,0.0438056125941136,39,1.70663689162319,1.96836234813264,16.1746677802318,0.0396576915270999
"136",20230913,0.0438056125941136,40,1.74749889470216,2.01337502120424,16.1746677802318,0.0396576915273286
"137",20230913,0.0438056125941136,42.5,1.71135018406052,2.06746888507698,16.1746677802318,0.0297432686364207
"138",20230913,0.0438056125941136,45,1.79714183673258,2.16526644785167,16.1746677802318,0.0297432686415013
"139",20230913,0.0438056125941136,47.5,NA,2.19283446015274,16.1746677802318,NA
"140",20230913,0.0438056125941136,50,NA,2.27715884001092,16.1746677802318,NA
"141",20230913,0.0438056125941136,55,NA,2.35016722305237,16.1746677802318,NA
"142",20230913,0.0438056125941136,60,NA,2.48610998431342,16.1746677802318,NA
"143",20230913,0.0438056125941136,65,NA,2.60957175967747,16.1746677802318,NA
"144",20230913,0.0438056125941136,70,NA,2.72259238248809,16.1746677802318,NA
"145",20230913,0.0438056125941136,75,NA,2.70846643048587,16.1746677802318,NA
"146",20230913,0.0438056125941136,80,NA,2.80227655282864,16.1746677802318,NA
"147",20230913,0.0438056125941136,85,NA,2.8897028289777,16.1746677802318,NA
"148",20230913,0.0438056125941136,90,NA,2.97153463732437,16.1746677802318,NA
"149",20230913,0.0438056125941136,95,NA,3.04842477067399,16.1746677802318,NA
"150",20230913,0.0438056125941136,100,NA,3.1209191179329,16.1746677802318,NA
"151",20230920,0.0629705681040383,10,NA,0.94721338509729,16.4381873963588,NA
"152",20230920,0.0629705681040383,10.5,NA,0.784042668548255,16.4381873963588,NA
"153",20230920,0.0629705681040383,11,NA,0.784635984765668,16.4381873963588,NA
"154",20230920,0.0629705681040383,11.5,NA,0.70805996280084,16.4381873963588,NA
"155",20230920,0.0629705681040383,12,NA,0.634130250130491,16.4381873963588,NA
"156",20230920,0.0629705681040383,12.5,NA,0.603035711704543,16.4381873963588,NA
"157",20230920,0.0629705681040383,13,0.492850953327918,0.585681763790045,16.4381873963588,3.47335025596216
"158",20230920,0.0629705681040383,13.5,0.529387889859327,0.567024007781326,16.4381873963588,3.00851311555568
"159",20230920,0.0629705681040383,14,0.542353402728611,0.58045589658247,16.4381873963588,2.57381556908521
"160",20230920,0.0629705681040383,14.5,0.570183211551632,0.607577902140538,16.4381873963588,2.189350679192
"161",20230920,0.0629705681040383,15,0.606818822000859,0.629708433719341,16.4381873963588,1.85511844579595
"162",20230920,0.0629705681040383,16,0.677932717683231,0.703081776902964,16.4381873963588,1.35242174588024
"163",20230920,0.0629705681040383,17,0.74520151627599,0.775826053014881,16.4381873963588,1.00967639702687
"164",20230920,0.0629705681040383,18,0.812830742816926,0.845089629602316,16.4381873963588,0.778606176797425
"165",20230920,0.0629705681040383,19,0.883053523594064,0.911168772599861,16.4381873963588,0.622884941455985
"166",20230920,0.0629705681040383,20,0.954121397098298,0.977329843171179,16.4381873963588,0.517396362622893
"167",20230920,0.0629705681040383,21,0.997675953130039,1.03226302266066,16.4381873963588,0.42195431514734
"168",20230920,0.0629705681040383,22,1.05369310871389,1.09196813604098,16.4381873963588,0.361675127294749
"169",20230920,0.0629705681040383,23,1.11336487143281,1.14494378956566,16.4381873963588,0.316465736402194
"170",20230920,0.0629705681040383,24,1.15994779656575,1.19475739136471,16.4381873963588,0.276279611175386
"171",20230920,0.0629705681040383,25,1.20684481387496,1.23244712043415,16.4381873963588,0.241116751520201
"172",20230920,0.0629705681040383,26,1.24351737542045,1.28540940686054,16.4381873963588,0.216000423198867
"173",20230920,0.0629705681040383,27,1.28573125302484,1.31637917076248,16.4381873963588,0.190884094913702
"174",20230920,0.0629705681040383,28,1.32044614235877,1.36987291306913,16.4381873963588,0.175814297955878
"175",20230920,0.0629705681040383,29,1.34756058630513,1.40177410039045,16.4381873963588,0.155721235355254
"176",20230920,0.0629705681040383,30,1.38753145119581,1.44522737640187,16.4381873963588,0.145674704049838
"177",20230920,0.0629705681040383,31,1.42296465246027,1.48447670072858,16.4381873963588,0.135628172721483
"178",20230920,0.0629705681040383,32,1.45394345455676,1.51969099971506,16.4381873963588,0.125581641396638
"179",20230920,0.0629705681040383,33,1.48046646690425,1.55098063406776,16.4381873963588,0.115535110105859
"180",20230920,0.0629705681040383,34,1.50243514102243,1.57839737833692,16.4381873963588,0.105488578794239
"181",20230920,0.0629705681040383,35,1.54889086873747,1.6019303884353,16.4381873963588,0.100465313114071
"182",20230920,0.0629705681040383,36,1.53166509700269,1.62149710552705,16.4381873963588,0.0853955161654925
"183",20230920,0.0629705681040383,37,1.60662461087876,1.66520584361173,16.4381873963588,0.0904187818366905
"184",20230920,0.0629705681040383,38,1.61460957447361,1.70744656062305,16.4381873963588,0.085395516172634
"185",20230920,0.0629705681040383,39,1.61696425247298,1.71916216947561,16.4381873963588,0.0753489848463342
"186",20230920,0.0629705681040383,40,1.65463566461018,1.7583295499304,16.4381873963588,0.075348984836559
"187",20230920,0.0629705681040383,42.5,1.70047510139853,1.81841672602782,16.4381873963588,0.065302453549974
"188",20230920,0.0629705681040383,45,1.82714453317191,1.86727957931855,16.4381873963588,0.0653024535402295
"189",20230920,0.0629705681040383,47.5,1.80598564315923,1.94614084234541,16.4381873963588,0.0552559222272996
"190",20230920,0.0629705681040383,50,1.9306986681556,1.97794254171477,16.4381873963588,0.0552559222252382
"191",20230920,0.0629705681040383,55,1.93828438773256,2.11176925557696,16.4381873963588,0.0452093909005228
"192",20230920,0.0629705681040383,60,1.96230979069549,2.1808604919406,16.4381873963588,0.0351628595917045
"193",20230920,0.0629705681040383,65,2.06242464046888,2.22764290593246,16.4381873963588,0.0301395939433577
"194",20230920,0.0629705681040383,70,2.15411534504371,2.32419776948918,16.4381873963588,0.0301395939365457
"195",20230920,0.0629705681040383,75,2.23865288004648,2.41314305487633,16.4381873963588,0.0301395939370273
"196",20230920,0.0629705681040383,80,2.16798706315432,2.41733983203028,16.4381873963588,0.0200930626270292
"197",20230920,0.0629705681040383,85,2.23773541205933,2.49250235836602,16.4381873963588,0.020093062623402
"198",20230920,0.0629705681040383,90,2.30305348072273,2.56282666858331,16.4381873963588,0.0200930626236097
"199",20230920,0.0629705681040383,95,NA,2.6288798548931,16.4381873963588,NA
"200",20230920,0.0629705681040383,100,NA,2.69113577451241,16.4381873963588,NA
"201",20230920,0.0629705681040383,110,NA,2.8057961106234,16.4381873963588,NA
"202",20230920,0.0629705681040383,120,NA,2.79571335136935,16.4381873963588,NA
"203",20230920,0.0629705681040383,130,NA,2.88764094380731,16.4381873963588,NA
"204",20230920,0.0629705681040383,140,NA,2.97206188493626,16.4381873963588,NA
"205",20230920,0.0629705681040383,150,NA,3.05007779315603,16.4381873963588,NA
"206",20230920,0.0629705681040383,160,NA,3.12256654011036,16.4381873963588,NA
"207",20230920,0.0629705681040383,170,NA,3.190238746315,16.4381873963588,NA
"208",20230920,0.0629705681040383,180,NA,3.25367754441156,16.4381873963588,NA
"209",20230927,0.082135523613963,10,NA,0.859395159368889,16.8269705939481,NA
"210",20230927,0.082135523613963,10.5,NA,0.787226625126364,16.8269705939481,NA
"211",20230927,0.082135523613963,11,NA,0.718066340070487,16.8269705939481,NA
"212",20230927,0.082135523613963,11.5,NA,0.695317963565964,16.8269705939481,NA
"213",20230927,0.082135523613963,12,NA,0.660507645100268,16.8269705939481,NA
"214",20230927,0.082135523613963,12.5,NA,0.618452909860163,16.8269705939481,NA
"215",20230927,0.082135523613963,13,0.418375956383307,0.609083107140809,16.8269705939481,3.87156860096071
"216",20230927,0.082135523613963,13.5,0.436772520502153,0.62091137371965,16.8269705939481,3.4112112738179
"217",20230927,0.082135523613963,14,0.480745933477615,0.635486696867669,16.8269705939481,2.98554128551194
"218",20230927,0.082135523613963,14.5,0.514625924428667,0.655599311160352,16.8269705939481,2.59951397007717
"219",20230927,0.082135523613963,15,0.540725616032438,0.590023831340171,16.8269705939481,2.18870998407527
"220",20230927,0.082135523613963,16,0.591270474563726,0.767015372713575,16.8269705939481,1.72884140227159
"221",20230927,0.082135523613963,17,0.618522107709532,0.814558288276198,16.8269705939481,1.29829753719777
"222",20230927,0.082135523613963,18,0.784154996382612,0.893747258687767,16.8269705939481,1.14468217974375
"223",20230927,0.082135523613963,19,0.761439035578932,0.938634866051535,16.8269705939481,0.862228135352114
"224",20230927,0.082135523613963,20,0.891339983518402,0.990904915978768,16.8269705939481,0.777987455546079
"225",20230927,0.082135523613963,21,0.980410000937965,1.0118872599731,16.8269705939481,0.668970105060158
"226",20230927,0.082135523613963,22,0.934495716082598,1.07512535616309,16.8269705939481,0.525265415860036
"227",20230927,0.082135523613963,23,0.979460126563192,1.12459716912561,16.8269705939481,0.460846072280163
"228",20230927,0.082135523613963,24,1.01967293436131,1.16142598782715,16.8269705939481,0.401382063024094
"229",20230927,0.082135523613963,25,1.05795751240141,1.20275783354075,16.8269705939481,0.356784056044155
"230",20230927,0.082135523613963,26,1.0971868098003,1.23471747488691,16.8269705939481,0.317141383114841
"231",20230927,0.082135523613963,27,1.12840387869941,1.26712952538221,16.8269705939481,0.282454044317965
"232",20230927,0.082135523613963,28,1.16464369233394,1.30217688727101,16.8269705939481,0.257677373755254
"233",20230927,0.082135523613963,29,1.19502898714637,1.33105487680524,16.8269705939481,0.232900703220532
"234",20230927,0.082135523613963,30,1.21955197276888,1.36563316643782,16.8269705939481,0.213079366797887
"235",20230927,0.082135523613963,31,1.25466728991901,1.39571304478032,16.8269705939481,0.198213364435773
"236",20230927,0.082135523613963,32,1.28623821133789,1.42140046505512,16.8269705939481,0.183347362136303
"237",20230927,0.082135523613963,33,1.29541947391381,1.44271994971322,16.8269705939481,0.163526025663714
"238",20230927,0.082135523613963,34,1.3188042956021,1.47461867645119,16.8269705939481,0.153615357430958
"239",20230927,0.082135523613963,35,1.45511554351647,1.48810354019005,16.8269705939481,0.168481359796688
"240",20230927,0.082135523613963,36,1.37835923161656,1.51395420530508,16.8269705939481,0.133794021001771
"241",20230927,0.082135523613963,37,1.3926585239957,1.48115213015778,16.8269705939481,0.109017350449771
"242",20230927,0.082135523613963,38,1.40312008226331,1.57615406963725,16.8269705939481,0.118928018691231
"243",20230927,0.082135523613963,39,1.43819634469231,1.59532871476805,16.8269705939481,0.113972684546212
"244",20230927,0.082135523613963,40,1.44290017212742,1.61205274927145,16.8269705939481,0.104062016312071
"245",20230927,0.082135523613963,42.5,1.48916065534065,1.67619571207208,16.8269705939481,0.0941513481145261
"246",20230927,0.082135523613963,45,1.52378120329849,1.70834788151403,16.8269705939481,0.0792853457814919
"247",20230927,0.082135523613963,47.5,1.59088546556855,1.78047148264375,16.8269705939481,0.0792853457821061
"248",20230927,0.082135523613963,50,1.6075274563739,1.821707408535,16.8269705939481,0.0693746775679391
"249",20230927,0.082135523613963,55,1.66301044301842,1.91511843339767,16.8269705939481,0.0594640093239581
"250",20230927,0.082135523613963,60,1.68573314979896,1.99154563743655,16.8269705939481,0.0495533411093976
"251",20230927,0.082135523613963,65,1.77345077071591,2.05282229334205,16.8269705939481,0.0445980070020541
"252",20230927,0.082135523613963,70,1.73217462638686,2.09986109214411,16.8269705939481,0.0346873387763341
"253",20230927,0.082135523613963,75,NA,2.13265226674276,16.8269705939481,NA
"254",20230927,0.082135523613963,80,NA,2.20607867217559,16.8269705939481,NA
"255",20230927,0.082135523613963,85,NA,2.21721827547806,16.8269705939481,NA
"256",20230927,0.082135523613963,90,NA,2.28010270264793,16.8269705939481,NA
"257",20230927,0.082135523613963,95,NA,2.33915087723675,16.8269705939481,NA
"258",20230927,0.082135523613963,100,NA,2.32257115960639,16.8269705939481,NA
"259",20231018,0.139630390143737,10,NA,0.639495617672692,17.5126062584271,NA
"260",20231018,0.139630390143737,10.5,NA,0.646971975095619,17.5126062584271,NA
"261",20231018,0.139630390143737,11,NA,0.632672464583261,17.5126062584271,NA
"262",20231018,0.139630390143737,11.5,NA,0.579419475710511,17.5126062584271,NA
"263",20231018,0.139630390143737,12,NA,0.528112893393104,17.5126062584271,NA
"264",20231018,0.139630390143737,12.5,0.405052154406346,0.503390296239028,17.5126062584271,5.03781876390136
"265",20231018,0.139630390143737,13,0.453382378932444,0.507018146622046,17.5126062584271,4.56807377046094
"266",20231018,0.139630390143737,13.5,0.493166528489863,0.526862571154341,17.5126062584271,4.12858378362066
"267",20231018,0.139630390143737,14,0.531646378971441,0.555563783876862,17.5126062584271,3.72943380546421
"268",20231018,0.139630390143737,14.5,0.560206420362912,0.585407953206881,17.5126062584271,3.36558133507417
"269",20231018,0.139630390143737,15,0.59407959723414,0.610050959242693,17.5126062584271,3.04206887337611
"270",20231018,0.139630390143737,16,0.656426706575743,0.673830483158365,17.5126062584271,2.52110647753551
"271",20231018,0.139630390143737,17,0.720807062045447,0.740712183925831,17.5126062584271,2.14133411204496
"272",20231018,0.139630390143737,18,0.777152409592787,0.792626196363232,17.5126062584271,1.83547039853678
"273",20231018,0.139630390143737,19,0.822457117629627,0.841882444238485,17.5126062584271,1.58838784493988
"274",20231018,0.139630390143737,20,0.872449437320355,0.888350061595869,17.5126062584271,1.401815304468
"275",20231018,0.139630390143737,21,0.90865161373582,0.92923911188312,17.5126062584271,1.2354127682047
"276",20231018,0.139630390143737,22,0.946840374108015,0.968297932722002,17.5126062584271,1.10430773978876
"277",20231018,0.139630390143737,23,0.981806682702114,1.00426426843015,17.5126062584271,0.993372715728234
"278",20231018,0.139630390143737,24,1.01591817192346,1.03477349593829,17.5126062584271,0.897565194967305
"279",20231018,0.139630390143737,25,1.05134011597183,1.06616657723701,17.5126062584271,0.821927678529224
"280",20231018,0.139630390143737,26,1.07444557901375,1.09526467394781,17.5126062584271,0.746290162037549
"281",20231018,0.139630390143737,27,1.09583008352083,1.12324574425438,17.5126062584271,0.680737647864714
"282",20231018,0.139630390143737,28,1.12245740705258,1.14553432345688,17.5126062584271,0.625270135735643
"283",20231018,0.139630390143737,29,1.14403977948075,1.16833759982647,17.5126062584271,0.574845124839612
"284",20231018,0.139630390143737,30,1.16721763291672,1.19270384036721,17.5126062584271,0.534505116088517
"285",20231018,0.139630390143737,31,1.19307759539591,1.21309539435662,17.5126062584271,0.499207608415435
"286",20231018,0.139630390143737,32,1.2156087317422,1.23652529511342,17.5126062584271,0.468952601856655
"287",20231018,0.139630390143737,33,1.22747350383766,1.25683193940507,17.5126062584271,0.433655094212539
"288",20231018,0.139630390143737,34,1.25112206967624,1.2741075635276,17.5126062584271,0.408442588703013
"289",20231018,0.139630390143737,35,1.26420301197509,1.29626599432931,17.5126062584271,0.3832300832464
"290",20231018,0.139630390143737,36,1.2827961430738,1.3080039111224,17.5126062584271,0.358017577725894
"291",20231018,0.139630390143737,37,1.29911193931154,1.32541271757453,17.5126062584271,0.337847573364858
"292",20231018,0.139630390143737,38,1.31318319619414,1.34955274830201,17.5126062584271,0.32272007006244
"293",20231018,0.139630390143737,39,1.33479226760326,1.36309610200893,17.5126062584271,0.307592566770944
"294",20231018,0.139630390143737,40,1.3448793736599,1.36485406111655,17.5126062584271,0.282380061326498
"295",20231018,0.139630390143737,42.5,1.38298026112784,1.4153971862237,17.5126062584271,0.257167555840217
"296",20231018,0.139630390143737,45,1.41190107680307,1.43597333169433,17.5126062584271,0.221870048194014
"297",20231018,0.139630390143737,47.5,1.43163250193012,1.48376179147239,17.5126062584271,0.201700043811594
"298",20231018,0.139630390143737,50,1.45710660087746,1.50031552403876,17.5126062584271,0.176487538344499
"299",20231018,0.139630390143737,55,1.50566989207927,1.55605855748294,17.5126062584271,0.146232531752735
"300",20231018,0.139630390143737,60,1.55349101639592,1.59260056724856,17.5126062584271,0.121020026285069
"301",20231018,0.139630390143737,65,1.60908637162016,1.65169427259733,17.5126062584271,0.110935024094672
"302",20231018,0.139630390143737,70,1.62934638677328,1.70181183101817,17.5126062584271,0.0958075207927166
"303",20231018,0.139630390143737,75,1.6320171208754,1.74387956475655,17.5126062584271,0.0806800175153063
"304",20231018,0.139630390143737,80,1.6893708284,1.77850382927354,17.5126062584271,0.0756375164139744
"305",20231018,0.139630390143737,85,1.70542869470519,1.80600829306977,17.5126062584271,0.0655525142309747
"306",20231018,0.139630390143737,90,1.71080309302046,1.82643117718714,17.5126062584271,0.0554675120576341
"307",20231018,0.139630390143737,95,1.7027237545801,1.87380922071438,17.5126062584271,0.0504250109451497
"308",20231018,0.139630390143737,100,1.74468762998983,1.88357976411611,17.5126062584271,0.0453825098618221
"309",20231018,0.139630390143737,110,1.74994383342956,1.9244579214217,17.5126062584271,0.0352975076666419
"310",20231018,0.139630390143737,120,1.89174507847306,1.9967381187671,17.5126062584271,0.0403400087550175
"311",20231018,0.139630390143737,130,1.76668564484364,2.01389445676596,17.5126062584271,0.0252125054813567
"312",20231018,0.139630390143737,140,NA,2.07337027241661,17.5126062584271,NA
"313",20231018,0.139630390143737,150,1.98920020295925,2.12829505283166,17.5126062584271,0.0302550065783745
"314",20231018,0.139630390143737,160,1.91840073123681,2.11764968714003,17.5126062584271,0.0201700043842005
"315",20231018,0.139630390143737,170,1.96213735093659,2.16437210300333,17.5126062584271,0.02017000438575
"316",20231018,0.139630390143737,180,NA,2.20815731751433,17.5126062584271,NA
"317",20231115,0.216290212183436,10,NA,0.592770005917767,18.1282348402443,NA
"318",20231115,0.216290212183436,10.5,NA,0.58316864148177,18.1282348402443,NA
"319",20231115,0.216290212183436,11,NA,0.564862768245567,18.1282348402443,NA
"320",20231115,0.216290212183436,11.5,0.423986203700487,0.520742214743428,18.1282348402443,6.65358246479603
"321",20231115,0.216290212183436,12,0.427639944414522,0.497731369855027,18.1282348402443,6.16372151465889
"322",20231115,0.216290212183436,12.5,0.455413787735728,0.499872873501277,18.1282348402443,5.69413866407492
"323",20231115,0.216290212183436,13,0.48958689660555,0.51897554209449,18.1282348402443,5.25497296306341
"324",20231115,0.216290212183436,13.5,0.512260956042445,0.534252905949031,18.1282348402443,4.83608536160509
"325",20231115,0.216290212183436,14,0.534418778428585,0.551924725026659,18.1282348402443,4.44761490983877
"326",20231115,0.216290212183436,14.5,0.560219056955058,0.57481031488681,18.1282348402443,4.09970065708167
"327",20231115,0.216290212183436,15,0.583738631706668,0.600691824823431,18.1282348402443,3.78727307896246
"328",20231115,0.216290212183436,16,0.635476766349679,0.64964010193108,18.1282348402443,3.26380842089032
"329",20231115,0.216290212183436,17,0.681767301159612,0.70106938978119,18.1282348402443,2.8518733107075
"330",20231115,0.216290212183436,18,0.727293200199669,0.742645069860178,18.1282348402443,2.51598107452262
"331",20231115,0.216290212183436,19,0.765762986140118,0.780853706402346,18.1282348402443,2.2356604870014
"332",20231115,0.216290212183436,20,0.800963556267693,0.816076596694055,18.1282348402443,2.00246234064783
"333",20231115,0.216290212183436,21,0.83442612960496,0.849743916351698,18.1282348402443,1.80982039424955
"334",20231115,0.216290212183436,22,0.862672668172733,0.878329173447395,18.1282348402443,1.63745654688359
"335",20231115,0.216290212183436,23,0.890844634432284,0.906928325584867,18.1282348402443,1.49550984938985
"336",20231115,0.216290212183436,24,0.917495463963736,0.930767169793141,18.1282348402443,1.36877172658177
"337",20231115,0.216290212183436,25,0.940595590818347,0.954322054476014,18.1282348402443,1.25724217871409
"338",20231115,0.216290212183436,26,0.964632208796815,0.978833598946211,18.1282348402443,1.16599072999731
"339",20231115,0.216290212183436,27,0.987105383846117,0.998148806264886,18.1282348402443,1.07980880650302
"340",20231115,0.216290212183436,28,1.00876286671233,1.02020180538487,18.1282348402443,1.00883545777156
"341",20231115,0.216290212183436,29,1.0223360170664,1.03820335456343,18.1282348402443,0.93279258405315
"342",20231115,0.216290212183436,30,1.04412613423708,1.05645276564095,18.1282348402443,0.877027810087025
"343",20231115,0.216290212183436,31,1.05850450681675,1.0755641623274,18.1282348402443,0.821263036023775
"344",20231115,0.216290212183436,32,1.07850794769374,1.09175443650924,18.1282348402443,0.7756373117946
"345",20231115,0.216290212183436,33,1.09136599088556,1.10968427457715,18.1282348402443,0.730011587515055
"346",20231115,0.216290212183436,34,1.10625555565802,1.12523579927945,18.1282348402443,0.689455388320651
"347",20231115,0.216290212183436,35,1.12377133076515,1.13849844421332,18.1282348402443,0.653968713843765
"348",20231115,0.216290212183436,36,1.13422046082404,1.1545674050442,18.1282348402443,0.618482039470578
"349",20231115,0.216290212183436,37,1.14777838478161,1.16881663403283,18.1282348402443,0.588064890025253
"350",20231115,0.216290212183436,38,1.15952310546818,1.18130594289775,18.1282348402443,0.55764774042466
"351",20231115,0.216290212183436,39,1.17521320078325,1.19207894285577,18.1282348402443,0.532300115947319
"352",20231115,0.216290212183436,40,1.1836472003933,1.20689320263107,18.1282348402443,0.506952491309655
"353",20231115,0.216290212183436,42.5,1.21332791198857,1.23222266339908,18.1282348402443,0.451187717286486
"354",20231115,0.216290212183436,45,1.23517870104149,1.26236532758055,18.1282348402443,0.405561992985592
"355",20231115,0.216290212183436,47.5,1.26443245013074,1.28625966100645,18.1282348402443,0.370075318648099
"356",20231115,0.216290212183436,50,1.28046460087341,1.30414680724754,18.1282348402443,0.329519119364385
"357",20231115,0.216290212183436,55,1.32177564185933,1.34868600014226,18.1282348402443,0.278823870246163
"358",20231115,0.216290212183436,60,1.356634215058,1.37714695303185,18.1282348402443,0.233198146028997
"359",20231115,0.216290212183436,65,1.377334640142,1.4122725982583,18.1282348402443,0.197711471585491
"360",20231115,0.216290212183436,70,1.41098601453854,1.43695150168619,18.1282348402443,0.172363847055931
"361",20231115,0.216290212183436,75,1.43645310804837,1.46518434108097,18.1282348402443,0.152085747368621
"362",20231115,0.216290212183436,80,1.45383176962602,1.50095097881917,18.1282348402443,0.136877172684494
"363",20231115,0.216290212183436,85,1.46271038743532,1.51607264678503,18.1282348402443,0.116599073029615
"364",20231115,0.216290212183436,90,1.48404375272879,1.54174527751184,18.1282348402443,0.10646002317972
"365",20231115,0.216290212183436,95,1.5004903248459,1.56325116289078,18.1282348402443,0.0963209733741744
"366",20231115,0.216290212183436,100,1.5119342551164,1.58072759034673,18.1282348402443,0.08618192352354
"367",20231115,0.216290212183436,110,1.51803366942955,1.60357590212909,18.1282348402443,0.0659038238696167
"368",20231115,0.216290212183436,120,1.53860628664282,1.63767769613691,18.1282348402443,0.0557647740440171
"369",20231115,0.216290212183436,130,1.54451742973194,1.6624642693311,18.1282348402443,0.045625724217448
"370",20231115,0.216290212183436,140,1.63867647964429,1.71169219423166,18.1282348402443,0.0506952491381835
"371",20231115,0.216290212183436,150,1.57290691147196,1.72272866316326,18.1282348402443,0.0354866743801777
"372",20231115,0.216290212183436,160,1.67518743998838,1.76439301373698,18.1282348402443,0.0405561992945841
"373",20231115,0.216290212183436,170,1.64886532497969,1.80325797585294,18.1282348402443,0.0354866744071407
"374",20231115,0.216290212183436,180,1.5857713484843,1.79813889452833,18.1282348402443,0.0253476245717519
"375",20231220,0.31211498973306,10,0.457990669260576,0.532843527929883,18.3452832018163,8.36568541687307
"376",20231220,0.31211498973306,10.5,0.424236343847303,0.51776079084835,18.3452832018163,7.87078597067601
"377",20231220,0.31211498973306,11,0.391955889668353,0.498330978029546,18.3452832018163,7.37588652441424
"378",20231220,0.31211498973306,11.5,0.422386890154764,0.476144951703387,18.3452832018163,6.89118818573168
"379",20231220,0.31211498973306,12,0.4387647286286,0.475863066407982,18.3452832018163,6.42179150835909
"380",20231220,0.31211498973306,12.5,0.457227513565998,0.48376866443926,18.3452832018163,5.97279704606145
"381",20231220,0.31211498973306,13,0.480088134667924,0.499896844725713,18.3452832018163,5.55440590634598
"382",20231220,0.31211498973306,13.5,0.497283897734163,0.518364871990572,18.3452832018163,5.1615175355371
"383",20231220,0.31211498973306,14,0.519782783834886,0.537343783093132,18.3452832018163,4.80433304099786
"384",20231220,0.31211498973306,14.5,0.537362223571147,0.556456461657793,18.3452832018163,4.47265131532138
"385",20231220,0.31211498973306,15,0.562174169048167,0.575833336209707,18.3452832018163,4.18177401988666
"386",20231220,0.31211498973306,16,0.602034930219208,0.616726845640342,18.3452832018163,3.67652773545312
"387",20231220,0.31211498973306,17,0.641721081795272,0.652495305860409,18.3452832018163,3.26309141874856
"388",20231220,0.31211498973306,18,0.67542329738219,0.688263425129102,18.3452832018163,2.92106285493654
"389",20231220,0.31211498973306,19,0.703003494729475,0.72308652308675,18.3452832018163,2.63188574440028
"390",20231220,0.31211498973306,20,0.734329131539086,0.751793598921436,18.3452832018163,2.3921597175007
"391",20231220,0.31211498973306,21,0.759703970271947,0.777256263701388,18.3452832018163,2.17793645929968
"392",20231220,0.31211498973306,22,0.783551380174082,0.801330691193598,18.3452832018163,1.99431652344292
"393",20231220,0.31211498973306,23,0.807438842185614,0.822959135421936,18.3452832018163,1.83619935657682
"394",20231220,0.31211498973306,24,0.827437509452333,0.843310694782011,18.3452832018163,1.69338385127791
"395",20231220,0.31211498973306,25,0.847119812988819,0.863394504286096,18.3452832018163,1.57097056079031
"396",20231220,0.31211498973306,26,0.864617983043394,0.881345145917531,18.3452832018163,1.45875837784686
"397",20231220,0.31211498973306,27,0.883435961896101,0.897776237561702,18.3452832018163,1.36184785645307
"398",20231220,0.31211498973306,28,0.901419709425718,0.913232360053289,18.3452832018163,1.27513844220634
"399",20231220,0.31211498973306,29,0.916031359829393,0.928211859881908,18.3452832018163,1.19352958206242
"400",20231220,0.31211498973306,30,0.930623471667531,0.943181421625541,18.3452832018163,1.1221218290687
"401",20231220,0.31211498973306,31,0.945648696815218,0.958584300260019,18.3452832018163,1.06091518384023
"402",20231220,0.31211498973306,32,0.958186508086706,0.971534387953642,18.3452832018163,0.999708538819536
"403",20231220,0.31211498973306,33,0.97181212886359,0.985560622229163,18.3452832018163,0.948703000795048
"404",20231220,0.31211498973306,34,0.98336686250981,0.997549033653725,18.3452832018163,0.897697463119884
"405",20231220,0.31211498973306,35,0.996614136110105,1.01120195542429,18.3452832018163,0.856893033071678
"406",20231220,0.31211498973306,36,1.00816125706739,1.02318309263747,18.3452832018163,0.816088602907717
"407",20231220,0.31211498973306,37,1.01806833177648,1.03355704750228,18.3452832018163,0.77528417277105
"408",20231220,0.31211498973306,38,1.02637907433624,1.04631457566797,18.3452832018163,0.739580296422505
"409",20231220,0.31211498973306,39,1.04144550381397,1.05373687650932,18.3452832018163,0.708976973848151
"410",20231220,0.31211498973306,40,1.05121025337066,1.06385371023703,18.3452832018163,0.678373651157239
"411",20231220,0.31211498973306,42.5,1.07256783843528,1.09060988297457,18.3452832018163,0.612066452210328
"412",20231220,0.31211498973306,45,1.09180653061953,1.11115001929441,18.3452832018163,0.550859807003803
"413",20231220,0.31211498973306,47.5,1.11020597558103,1.13591495437273,18.3452832018163,0.50495482299873
"414",20231220,0.31211498973306,50,1.13460249007173,1.15097619682028,18.3452832018163,0.464150392833991
"415",20231220,0.31211498973306,55,1.16644037263279,1.19087296772419,18.3452832018163,0.397843193949462
"416",20231220,0.31211498973306,60,1.1904735984143,1.21801688468309,18.3452832018163,0.336636548675358
"417",20231220,0.31211498973306,65,1.21745737634825,1.24785886991615,18.3452832018163,0.295832118593979
"418",20231220,0.31211498973306,70,1.24391171980849,1.2690529240499,18.3452832018163,0.260128242199522
"419",20231220,0.31211498973306,75,1.26308984881331,1.29076205486468,18.3452832018163,0.2295249195422
"420",20231220,0.31211498973306,80,1.27505518104584,1.31551379339315,18.3452832018163,0.204022150788841
"421",20231220,0.31211498973306,85,1.29148996058189,1.32504807349995,18.3452832018163,0.178519381914936
"422",20231220,0.31211498973306,90,1.30264559340106,1.35086151787172,18.3452832018163,0.16321772058331
"423",20231220,0.31211498973306,95,1.32262037544516,1.36170172032051,18.3452832018163,0.14791605925531
"424",20231220,0.31211498973306,100,1.33951270488544,1.38104762228501,18.3452832018163,0.137714951768248
"425",20231220,0.31211498973306,110,1.3643985815133,1.41182292923479,18.3452832018163,0.117312736700562
"426",20231220,0.31211498973306,120,1.37724953734033,1.43255383548803,18.3452832018163,0.0969105216300538
"427",20231220,0.31211498973306,130,1.40083932319117,1.46183309932337,18.3452832018163,0.0867094140622244
"428",20231220,0.31211498973306,140,1.41743503759641,1.48534060995518,18.3452832018163,0.0765083065070272
"429",20231220,0.31211498973306,150,1.42678624573297,1.50340052046287,18.3452832018163,0.0663071989953209
"430",20231220,0.31211498973306,160,1.42797976689894,1.53924447689226,18.3452832018163,0.0612066452342275
"431",20231220,0.31211498973306,170,1.45989483543772,1.54921279057173,18.3452832018163,0.0561060914712338
"432",20231220,0.31211498973306,180,1.44825878685336,1.58022969482097,18.3452832018163,0.0510055376990613
"433",20240117,0.388774811772758,10,NA,0.510479823300864,19.3338688393373,NA
"434",20240117,0.388774811772758,10.5,0.410099447931718,0.49831110084094,19.3338688393373,8.85942747820732
"435",20240117,0.388774811772758,11,0.381425216642817,0.482130403711062,19.3338688393373,8.36453920598496
"436",20240117,0.388774811772758,11.5,0.412501435517166,0.463422464258525,19.3338688393373,7.87987438932274
"437",20240117,0.388774811772758,12,0.416464808682005,0.454654044465271,19.3338688393373,7.40032130043414
"438",20240117,0.388774811772758,12.5,0.421392555749951,0.459120979526145,19.3338688393373,6.93610339485161
"439",20240117,0.388774811772758,13,0.440237790921956,0.468211279971732,19.3338688393373,6.4974441282067
"440",20240117,0.388774811772758,13.5,0.461902038100445,0.483520559523308,19.3338688393373,6.08945522819873
"441",20240117,0.388774811772758,14,0.478984635724086,0.49673803356608,19.3338688393373,5.70191323910296
"442",20240117,0.388774811772758,14.5,0.49312316785702,0.512063127120492,19.3338688393373,5.33992988914835
"443",20240117,0.388774811772758,15,0.511991388943281,0.528597141259651,19.3338688393373,5.01372863350434
"444",20240117,0.388774811772758,16,0.545308009190153,0.561848336968772,19.3338688393373,4.43800203900881
"445",20240117,0.388774811772758,17,0.578517834677396,0.593233660786999,19.3338688393373,3.95939827205326
"446",20240117,0.388774811772758,18,0.612405590821452,0.623822492801166,19.3338688393373,3.5676938774567
"447",20240117,0.388774811772758,19,0.639021295667521,0.652163163925052,19.3338688393373,3.22710676081384
"448",20240117,0.388774811772758,20,0.661980368479519,0.674838552242846,19.3338688393373,2.92390828807591
"449",20240117,0.388774811772758,21,0.684522046669758,0.699406936348406,19.3338688393373,2.67343362670937
"450",20240117,0.388774811772758,22,0.706933486819415,0.721847816768799,19.3338688393373,2.45874106034424
"451",20240117,0.388774811772758,23,0.726352003277466,0.741402502191522,19.3338688393373,2.26449540465186
"452",20240117,0.388774811772758,24,0.746057022208104,0.761319457980408,19.3338688393373,2.10092011585029
"453",20240117,0.388774811772758,25,0.769294279472427,0.778166605906695,19.3338688393373,1.96290346585499
"454",20240117,0.388774811772758,26,0.781263648697278,0.79485874872372,19.3338688393373,1.81977508829223
"455",20240117,0.388774811772758,27,0.800514100284226,0.809779121937979,19.3338688393373,1.70731707718454
"456",20240117,0.388774811772758,28,0.811527989882078,0.823408027809726,19.3338688393373,1.58974733835887
"457",20240117,0.388774811772758,29,0.823974152027305,0.838598870487413,19.3338688393373,1.49262451082769
"458",20240117,0.388774811772758,30,0.838439360250716,0.850949197502446,19.3338688393373,1.40572513838901
"459",20240117,0.388774811772758,31,0.850331533311511,0.863186810038733,19.3338688393373,1.32393749412316
"460",20240117,0.388774811772758,32,0.862447670825048,0.875654178398985,19.3338688393373,1.25237330537222
"461",20240117,0.388774811772758,33,0.880567438453244,0.888678638748552,19.3338688393373,1.2012560274377
"462",20240117,0.388774811772758,34,0.885878737044742,0.899810846185626,19.3338688393373,1.12969183851013
"463",20240117,0.388774811772758,35,0.897682534287088,0.91197812174862,19.3338688393373,1.07857456068831
"464",20240117,0.388774811772758,36,0.913786225009884,0.922566087992716,19.3338688393373,1.03768073858074
"465",20240117,0.388774811772758,37,0.916534918960564,0.931640312792031,19.3338688393373,0.976340005217537
"466",20240117,0.388774811772758,38,0.926829413528831,0.94232454199263,19.3338688393373,0.935446182977294
"467",20240117,0.388774811772758,39,0.935845699732146,0.951755938458051,19.3338688393373,0.894552360901447
"468",20240117,0.388774811772758,40,0.943623353250201,0.963202067813982,19.3338688393373,0.858770266392865
"469",20240117,0.388774811772758,42.5,0.96492684506242,0.982345251413017,19.3338688393373,0.771870894276314
"470",20240117,0.388774811772758,45,0.987548129795953,1.00596660764394,19.3338688393373,0.710530160857275
"471",20240117,0.388774811772758,47.5,1.00524575727732,1.02479327762802,19.3338688393373,0.649189427420521
"472",20240117,0.388774811772758,50,1.02251149104514,1.03911704094437,19.3338688393373,0.59296042202397
"473",20240117,0.388774811772758,55,1.04999528384579,1.0731687367826,19.3338688393373,0.506061049841986
"474",20240117,0.388774811772758,60,1.07943098004224,1.09994318716222,19.3338688393373,0.43960858873544
"475",20240117,0.388774811772758,65,1.09888323133225,1.12170978683718,19.3338688393373,0.378267855359504
"476",20240117,0.388774811772758,70,1.12165459025857,1.14655596045609,19.3338688393373,0.337374033195819
"477",20240117,0.388774811772758,75,1.13747815326628,1.16487655659252,19.3338688393373,0.296480210979935
"478",20240117,0.388774811772758,80,1.15427704209402,1.18407030591419,19.3338688393373,0.265809844330238
"479",20240117,0.388774811772758,85,1.17415542512121,1.19831754158147,19.3338688393373,0.24025120544433
"480",20240117,0.388774811772758,90,1.19012855140396,1.21606565402233,19.3338688393373,0.219804294391063
"481",20240117,0.388774811772758,95,1.20231389040485,1.23030443444479,19.3338688393373,0.199357383278547
"482",20240117,0.388774811772758,100,1.21070494265645,1.25056539416273,19.3338688393373,0.184022199976436
"483",20240117,0.388774811772758,110,1.22826023159764,1.27430970447307,19.3338688393373,0.153351833248846
"484",20240117,0.388774811772758,120,1.24780631203633,1.2996311548483,19.3338688393373,0.132904922168671
"485",20240117,0.388774811772758,130,1.2746153025509,1.33043303854294,19.3338688393373,0.122681466606857
"486",20240117,0.388774811772758,140,1.2962596521681,1.34286628644548,19.3338688393373,0.107346283269049
"487",20240117,0.388774811772758,150,1.29312876729794,1.36384046259532,19.3338688393373,0.0920110999470985
"488",20240117,0.388774811772758,160,1.32503881251558,1.3808351750911,19.3338688393373,0.086899372213939
"489",20240117,0.388774811772758,170,1.33209561435734,1.39401033944034,19.3338688393373,0.0766759166325271
"490",20240117,0.388774811772758,180,1.3337198876391,1.40339069622725,19.3338688393373,0.0664524610937509
"491",20240214,0.465434633812457,10,0.410025041951888,0.475214404600343,19.6271641065141,9.64764691557214
"492",20240214,0.465434633812457,10.5,0.38265485377064,0.464436996867193,19.6271641065141,9.15276761784796
"493",20240214,0.465434633812457,11,0.356505435216633,0.449959868005866,19.6271641065141,8.65788832010375
"494",20240214,0.465434633812457,11.5,0.385894224478496,0.445578948151753,19.6271641065141,8.17837112916378
"495",20240214,0.465434633812457,12,0.390134263312267,0.435665351565295,19.6271641065141,7.69885393823514
"496",20240214,0.465434633812457,12.5,0.413769220636279,0.445538072840511,19.6271641065141,7.25006096099052
"497",20240214,0.465434633812457,13,0.426831680111043,0.45713832051199,19.6271641065141,6.81663009038997
"498",20240214,0.465434633812457,13.5,0.444450754607773,0.468539518210309,19.6271641065141,6.40880273132161
"499",20240214,0.465434633812457,14,0.463232728093188,0.479212716477088,19.6271641065141,6.02657888330022
"500",20240214,0.465434633812457,14.5,0.475297571124179,0.495901160342781,19.6271641065141,5.66995854681544
"501",20240214,0.465434633812457,15,0.492244129295194,0.510431430324696,19.6271641065141,5.34406242398297
"502",20240214,0.465434633812457,16,0.523178328316316,0.538364691768976,19.6271641065141,4.76396000979503
"503",20240214,0.465434633812457,17,0.550292202555193,0.568308581445037,19.6271641065141,4.27603023660992
"504",20240214,0.465434633812457,18,0.576998540221764,0.593724970552487,19.6271641065141,3.85979029526947
"505",20240214,0.465434633812457,19,0.601691475624953,0.619667771118782,19.6271641065141,3.5101194830506
"506",20240214,0.465434633812457,20,0.61774600444838,0.646932756810964,19.6271641065141,3.20043891730255
"507",20240214,0.465434633812457,21,0.644256896214636,0.661555026911335,19.6271641065141,2.93416239894549
"508",20240214,0.465434633812457,22,0.662845010977128,0.680103211654999,19.6271641065141,2.69861009469591
"509",20240214,0.465434633812457,23,0.682490458732397,0.697906974403193,19.6271641065141,2.49890270647674
"510",20240214,0.465434633812457,24,0.698419912971323,0.713998510638794,19.6271641065141,2.31455742457282
"511",20240214,0.465434633812457,25,0.715330446712038,0.731130321675584,19.6271641065141,2.16093635700335
"512",20240214,0.465434633812457,26,0.729988493714632,0.744059976588478,19.6271641065141,2.01243599109719
"513",20240214,0.465434633812457,27,0.74290356353393,0.759304818076637,19.6271641065141,1.88441843446137
"514",20240214,0.465434633812457,28,0.756612251736107,0.771277045588678,19.6271641065141,1.76664228221181
"515",20240214,0.465434633812457,29,0.767338424649565,0.784490084789764,19.6271641065141,1.65910753467734
"516",20240214,0.465434633812457,30,0.779692005036285,0.795065529983921,19.6271641065141,1.56181419160567
"517",20240214,0.465434633812457,31,0.79189661455643,0.805401723210794,19.6271641065141,1.4747622531233
"518",20240214,0.465434633812457,32,0.801938566311159,0.818086386298961,19.6271641065141,1.39795171926456
"519",20240214,0.465434633812457,33,0.812313102088428,0.828871401918912,19.6271641065141,1.32626188723562
"520",20240214,0.465434633812457,34,0.82329893719443,0.8378572951376,19.6271641065141,1.25969275763221
"521",20240214,0.465434633812457,35,0.832657597512294,0.847593076196637,19.6271641065141,1.1982443303059
"522",20240214,0.465434633812457,36,0.843034120935665,0.855801103917239,19.6271641065141,1.14191660564631
"523",20240214,0.465434633812457,37,0.852046108794259,0.865137626551986,19.6271641065141,1.09070958269393
"524",20240214,0.465434633812457,38,0.859745803045824,0.875845209393739,19.6271641065141,1.04462326259384
"525",20240214,0.465434633812457,39,0.868958004739759,0.882719944657079,19.6271641065141,0.998536942121687
"526",20240214,0.465434633812457,40,0.877081391536474,0.891185005621221,19.6271641065141,0.957571324007117
"527",20240214,0.465434633812457,42.5,0.895878736064424,0.910866590002057,19.6271641065141,0.865398683028451
"528",20240214,0.465434633812457,45,0.912100385485175,0.928033607505992,19.6271641065141,0.783467446721895
"529",20240214,0.465434633812457,47.5,0.930064302828873,0.946882054285689,19.6271641065141,0.722019019653007
"530",20240214,0.465434633812457,50,0.943955090060237,0.961772931495376,19.6271641065141,0.660570592340496
"531",20240214,0.465434633812457,55,0.972356892470325,0.992113643750638,19.6271641065141,0.568397951769389
"532",20240214,0.465434633812457,60,0.997730886318987,1.01521978010968,19.6271641065141,0.491587417587223
"533",20240214,0.465434633812457,65,1.01851497865823,1.03775898403777,19.6271641065141,0.430138990461806
"534",20240214,0.465434633812457,70,1.03655167216726,1.06273672763406,19.6271641065141,0.38405267012429
"535",20240214,0.465434633812457,75,1.05359635419369,1.07657827846025,19.6271641065141,0.337966349634999
"536",20240214,0.465434633812457,80,1.0713807626036,1.09612790068959,19.6271641065141,0.307242136071842
"537",20240214,0.465434633812457,85,1.08464553357228,1.11144952579501,19.6271641065141,0.27651792234237
"538",20240214,0.465434633812457,90,1.10104639797814,1.12957475708529,19.6271641065141,0.256035113277954
"539",20240214,0.465434633812457,95,1.1142405415173,1.13739980007944,19.6271641065141,0.230431601994153
"540",20240214,0.465434633812457,100,1.12430889015522,1.14115659934887,19.6271641065141,0.204828090729223
"541",20240214,0.465434633812457,110,1.14509178006971,1.18209112990094,19.6271641065141,0.184345281652903
"542",20240214,0.465434633812457,120,1.1673507801762,1.19859527215956,19.6271641065141,0.15874177026436
"543",20240214,0.465434633812457,130,1.182637286417,1.21757944014149,19.6271641065141,0.138258961227394
"544",20240214,0.465434633812457,140,1.19086520093047,1.24236550372761,19.6271641065141,0.122896854384682
"545",20240214,0.465434633812457,150,1.20783893145624,1.26343184879812,19.6271641065141,0.112655449838788
"546",20240214,0.465434633812457,160,1.22076830813651,1.28110578590701,19.6271641065141,0.10241404532896
"547",20240214,0.465434633812457,170,1.22965016141864,1.29560945935346,19.6271641065141,0.0921726408139834
"548",20240214,0.465434633812457,180,1.23427690401184,1.30707163466976,19.6271641065141,0.0819312362440111
"549",20240320,0.561259411362081,10,0.383348506025628,0.463894966110138,20.0360534477427,10.0618760824031
"550",20240320,0.561259411362081,10.5,NA,0.450665408884557,20.0360534477427,NA
"551",20240320,0.561259411362081,11,0.334713718208396,0.435243318957114,20.0360534477427,9.0722051362401
"552",20240320,0.561259411362081,11.5,0.362778950389804,0.42901534051019,20.0360534477427,8.59286324394747
"553",20240320,0.561259411362081,12,0.367445984325887,0.427063541888179,20.0360534477427,8.1186858786022
"554",20240320,0.561259411362081,12.5,0.390259083820329,0.426552213052911,20.0360534477427,7.66516662093014
"555",20240320,0.561259411362081,13,0.403266531380284,0.436753528797589,20.0360534477427,7.23230547096002
"556",20240320,0.561259411362081,13.5,0.415867571451034,0.447296020597635,20.0360534477427,6.82010242882393
"557",20240320,0.561259411362081,14,0.427466673450227,0.457511226290918,20.0360534477427,6.42855749423158
"558",20240320,0.561259411362081,14.5,0.441395148686841,0.467247182263976,20.0360534477427,6.06283519431288
"559",20240320,0.561259411362081,15,0.456579145561528,0.476547582242994,20.0360534477427,5.72293552895952
"560",20240320,0.561259411362081,16,0.482481714447791,0.503753171964865,20.0360534477427,5.12576862951377
"561",20240320,0.561259411362081,17,0.507857065408068,0.528727320656015,20.0360534477427,4.61639868733215
"562",20240320,0.561259411362081,18,0.532824350979438,0.55398207902168,20.0360534477427,4.18966117643039
"563",20240320,0.561259411362081,19,0.555829834505712,0.575913504602449,20.0360534477427,3.81973346162212
"564",20240320,0.561259411362081,20,0.568360354249037,0.603731474278277,20.0360534477427,3.49628648908265
"565",20240320,0.561259411362081,21,0.593959906421715,0.620032941245094,20.0360534477427,3.22782932965047
"566",20240320,0.561259411362081,22,0.611306099620587,0.628563127996167,20.0360534477427,2.95410940250322
"567",20240320,0.561259411362081,23,0.627712921143984,0.644984252160484,20.0360534477427,2.73719927102956
"568",20240320,0.561259411362081,24,0.640608785927641,0.659736466498268,20.0360534477427,2.5357827211728
"569",20240320,0.561259411362081,25,0.657704816715268,0.675280245652653,20.0360534477427,2.37568238640234
"570",20240320,0.561259411362081,26,0.669113542992449,0.688729626874536,20.0360534477427,2.21558205176033
"571",20240320,0.561259411362081,27,0.680586069959161,0.70054383921365,20.0360534477427,2.07097529794045
"572",20240320,0.561259411362081,28,0.694469475440488,0.712949100581784,20.0360534477427,1.95219117838384
"573",20240320,0.561259411362081,29,0.705654585637778,0.722636209995476,20.0360534477427,1.83340705910201
"574",20240320,0.561259411362081,30,0.714337002884437,0.733628518520968,20.0360534477427,1.72495199371997
"575",20240320,0.561259411362081,31,0.726626547131638,0.744366987220716,20.0360534477427,1.63715503591037
"576",20240320,0.561259411362081,32,0.736970999297999,0.753110750685365,20.0360534477427,1.54935807821013
"577",20240320,0.561259411362081,33,0.745484357777745,0.762018069819144,20.0360534477427,1.4667256471294
"578",20240320,0.561259411362081,34,0.754390568201103,0.771321689409406,20.0360534477427,1.39442227053817
"579",20240320,0.561259411362081,35,0.768284869137918,0.781245721756351,20.0360534477427,1.34277700111965
"580",20240320,0.561259411362081,36,0.772068906827792,0.789812429449073,20.0360534477427,1.27047362415481
"581",20240320,0.561259411362081,37,0.778884209013438,0.79708238978236,20.0360534477427,1.20849930073817
"582",20240320,0.561259411362081,38,0.786774045428775,0.805407153694519,20.0360534477427,1.15685403186611
"583",20240320,0.561259411362081,39,0.795953520156399,0.812636081992438,20.0360534477427,1.11037328951092
"584",20240320,0.561259411362081,40,0.801690179670128,0.821217757639644,20.0360534477427,1.06389254692276
"585",20240320,0.561259411362081,42.5,0.820667303506459,0.838753759472392,20.0360534477427,0.965766535341648
"586",20240320,0.561259411362081,45,0.837309227227474,0.856417151535911,20.0360534477427,0.883134104657718
"587",20240320,0.561259411362081,47.5,0.852415474819808,0.869748450514079,20.0360534477427,0.805666200675687
"588",20240320,0.561259411362081,50,0.866718940833763,0.884979152488287,20.0360534477427,0.743691877509593
"589",20240320,0.561259411362081,55,0.888750289759791,0.912396020012165,20.0360534477427,0.635236812137813
"590",20240320,0.561259411362081,60,0.910361685255286,0.932782684121498,20.0360534477427,0.547439854243524
"591",20240320,0.561259411362081,65,0.931342811108799,0.955796876532479,20.0360534477427,0.485465531221206
"592",20240320,0.561259411362081,70,0.945209346409282,0.972128430748182,20.0360534477427,0.423491208049534
"593",20240320,0.561259411362081,75,0.962375787366336,0.99146081733038,20.0360534477427,0.382174992633068
"594",20240320,0.561259411362081,80,0.974559747718773,1.00619897306286,20.0360534477427,0.340858777211681
"595",20240320,0.561259411362081,85,0.987896250170787,1.01653231105845,20.0360534477427,0.30470708870619
"596",20240320,0.561259411362081,90,0.99736323159867,1.03420224478994,20.0360534477427,0.278884454077073
"597",20240320,0.561259411362081,95,1.01006964208759,1.04310962882526,20.0360534477427,0.253061819480143
"598",20240320,0.561259411362081,100,1.02000673827091,1.05532537347094,20.0360534477427,0.232403711712934
"599",20240320,0.561259411362081,110,1.03155584978468,1.08001913105734,20.0360534477427,0.196252023237079
"600",20240320,0.561259411362081,120,1.05208459035419,1.09729645848155,20.0360534477427,0.170429388626051
"601",20240320,0.561259411362081,130,1.06626666923896,1.1165448327826,20.0360534477427,0.149771280884354
"602",20240320,0.561259411362081,140,1.0867067321833,1.14042429036764,20.0360534477427,0.139442227009402
"603",20240320,0.561259411362081,150,1.10346558432668,1.15069798355516,20.0360534477427,0.123948646224863
"604",20240320,0.561259411362081,160,1.13076651601434,1.16768210764086,20.0360534477427,0.118784119363399
"605",20240320,0.561259411362081,170,1.12665560389138,1.18187746005511,20.0360534477427,0.103290538541229
"606",20240320,0.561259411362081,180,1.13311137918344,1.19343130850832,20.0360534477427,0.0929614847124552
"607",20240417,0.63791923340178,10,NA,0.461252121772195,20.4300104543001,NA
"608",20240417,0.63791923340178,10.5,0.344910254522037,0.44652563580261,20.4300104543001,9.96630137996192
"609",20240417,0.63791923340178,11,0.322678336548418,0.430423939710835,20.4300104543001,9.47148579789398
"610",20240417,0.63791923340178,11.5,0.350085113628758,0.422855776292001,20.4300104543001,8.99222346973381
"611",20240417,0.63791923340178,12,0.366670403187454,0.4197292075199,20.4300104543001,8.52332997745971
"612",20240417,0.63791923340178,12.5,0.377584410767485,0.418453095212817,20.4300104543001,8.06480532099696
"613",20240417,0.63791923340178,13,0.384823951922699,0.422680175566078,20.4300104543001,7.62183391847022
"614",20240417,0.63791923340178,13.5,0.398858136928143,0.433445649855626,20.4300104543001,7.2099690237027
"615",20240417,0.63791923340178,14,0.411507900449057,0.440465156884882,20.4300104543001,6.81365738260064
"616",20240417,0.63791923340178,14.5,0.422972049732653,0.450973735446489,20.4300104543001,6.44326783158782
"617",20240417,0.63791923340178,15,0.436317323206053,0.460977170464396,20.4300104543001,6.09880037013575
"618",20240417,0.63791923340178,16,0.459693650504866,0.484561646757923,20.4300104543001,5.48244729845563
"619",20240417,0.63791923340178,17,0.483134776026999,0.506941203370277,20.4300104543001,4.95422933184256
"620",20240417,0.63791923340178,18,0.50452109690414,0.52814380311624,20.4300104543001,4.49859321684174
"621",20240417,0.63791923340178,19,0.525958864185821,0.549962369135669,20.4300104543001,4.11553895333741
"622",20240417,0.63791923340178,20,0.544070593481564,0.568850620060127,20.4300104543001,3.77396003306161
"623",20240417,0.63791923340178,21,0.557251164594913,0.589565633148112,20.4300104543001,3.47356002769496
"624",20240417,0.63791923340178,22,0.574009806172071,0.605965128218748,20.4300104543001,3.21433912948808
"625",20240417,0.63791923340178,23,0.588101413617083,0.615180554762617,20.4300104543001,2.96030265022961
"626",20240417,0.63791923340178,24,0.601966125708107,0.627538929859885,20.4300104543001,2.74774151429714
"627",20240417,0.63791923340178,25,0.616315737009404,0.640483835034419,20.4300104543001,2.56628688598149
"628",20240417,0.63791923340178,26,0.62852221586858,0.651349648999521,20.4300104543001,2.39520109310578
"629",20240417,0.63791923340178,27,0.648983744634111,0.66385041938943,20.4300104543001,2.27595948074247
"630",20240417,0.63791923340178,28,0.649903245523824,0.673468966144852,20.4300104543001,2.10487368806063
"631",20240417,0.63791923340178,29,0.661558988961294,0.68384552260107,20.4300104543001,1.98563207530168
"632",20240417,0.63791923340178,30,0.672636952824682,0.686652583701654,20.4300104543001,1.856021626474
"633",20240417,0.63791923340178,31,0.679810460298974,0.703035525386641,20.4300104543001,1.76788652130099
"634",20240417,0.63791923340178,32,0.690449747364582,0.710532592513244,20.4300104543001,1.67456699822895
"635",20240417,0.63791923340178,33,0.697499081891039,0.719911032812921,20.4300104543001,1.58643189297
"636",20240417,0.63791923340178,34,0.706706773655406,0.727719668231612,20.4300104543001,1.50866562372006
"637",20240417,0.63791923340178,35,0.716442789873394,0.735969175313457,20.4300104543001,1.4412681906591
"638",20240417,0.63791923340178,36,0.722870749033976,0.744853531670525,20.4300104543001,1.37387075717581
"639",20240417,0.63791923340178,37,0.732116750461411,0.752543888831203,20.4300104543001,1.31684215933452
"640",20240417,0.63791923340178,38,0.736036355685299,0.759091953242755,20.4300104543001,1.24944472614597
"641",20240417,0.63791923340178,39,0.745241768619741,0.76665129660025,20.4300104543001,1.20278496465274
"642",20240417,0.63791923340178,40,0.751321156878194,0.773242984888793,20.4300104543001,1.15094078522466
"643",20240417,0.63791923340178,42.5,0.768245365635725,0.789119171696506,20.4300104543001,1.04206800817463
"644",20240417,0.63791923340178,45,0.782686968906406,0.804752630375427,20.4300104543001,0.948748485199587
"645",20240417,0.63791923340178,47.5,0.795370654833465,0.818697084779114,20.4300104543001,0.865797797950336
"646",20240417,0.63791923340178,50,0.809761457077045,0.831595129003115,20.4300104543001,0.79840036426182
"647",20240417,0.63791923340178,55,0.832452013001601,0.856607914193349,20.4300104543001,0.684343169634209
"648",20240417,0.63791923340178,60,0.851147353842491,0.877810026450151,20.4300104543001,0.591023646359259
"649",20240417,0.63791923340178,65,0.868455871550761,0.897677409393583,20.4300104543001,0.518441795098931
"650",20240417,0.63791923340178,70,0.886889306584817,0.914697958232767,20.4300104543001,0.461413197720523
"651",20240417,0.63791923340178,75,0.899851961312431,0.93015585984151,20.4300104543001,0.409569018138742
"652",20240417,0.63791923340178,80,0.912460018171185,0.940794852958431,20.4300104543001,0.362909256631566
"653",20240417,0.63791923340178,85,0.926043748349702,0.956407653447455,20.4300104543001,0.331802748859213
"654",20240417,0.63791923340178,90,0.936150438082821,0.968858407012975,20.4300104543001,0.30069624115157
"655",20240417,0.63791923340178,95,0.94279757324292,0.978272036317499,20.4300104543001,0.269589733458859
"656",20240417,0.63791923340178,100,0.952796314249531,0.990587165014458,20.4300104543001,0.248852061716465
"657",20240417,0.63791923340178,110,0.965274255740349,1.00878012804866,20.4300104543001,0.207376718079395
"658",20240417,0.63791923340178,120,0.985700567415837,1.02607254377169,20.4300104543001,0.181454628318284
"659",20240417,0.63791923340178,130,1.00040883569723,1.04504272052369,20.4300104543001,0.160716956490793
"660",20240417,0.63791923340178,140,1.03097600151033,1.06804213400956,20.4300104543001,0.155532538539369
"661",20240417,0.63791923340178,150,1.02533574523357,1.07882574027652,20.4300104543001,0.12961044876508
"662",20240417,0.63791923340178,160,1.03795334334658,1.09550522554665,20.4300104543001,0.11924161290046
"663",20240417,0.63791923340178,170,1.04739777745493,1.10964275432502,20.4300104543001,0.108872776922964
"664",20240417,0.63791923340178,180,1.06942731961516,1.12139754450038,20.4300104543001,0.1036883590446
"665",20240522,0.733744010951403,10,NA,0.481283161084011,20.5893964173963,NA
"666",20240522,0.733744010951403,10.5,NA,0.461742234351618,20.5893964173963,NA
"667",20240522,0.733744010951403,11,NA,0.45001967535882,20.5893964173963,NA
"668",20240522,0.733744010951403,11.5,NA,0.436531233304005,20.5893964173963,NA
"669",20240522,0.733744010951403,12,0.290742189705956,0.433464326074668,20.5893964173963,8.69354758857051
"670",20240522,0.733744010951403,12.5,0.332469502778891,0.43150327956501,20.5893964173963,8.24562317411955
"671",20240522,0.733744010951403,13,0.352001106390236,0.433981505652973,20.5893964173963,7.81332143529676
"672",20240522,0.733744010951403,13.5,0.36822433280204,0.438832008535543,20.5893964173963,7.40184993073646
"673",20240522,0.733744010951403,14,0.382101704622755,0.416528072842422,20.5893964173963,6.96434063351458
"674",20240522,0.733744010951403,14.5,0.394309854478357,0.454379311290682,20.5893964173963,6.64660518291106
"675",20240522,0.733744010951403,15,0.407993607537233,0.463698986009015,20.5893964173963,6.30803949842201
"676",20240522,0.733744010951403,16,0.431669729319042,0.482254314869941,20.5893964173963,5.69339883119282
"677",20240522,0.733744010951403,17,0.453164505474859,0.50144560040684,20.5893964173963,5.16207910155974
"678",20240522,0.733744010951403,18,0.472889367542622,0.522256490243498,20.5893964173963,4.70887275000307
"679",20240522,0.733744010951403,19,0.491116023208225,0.540883907837273,20.5893964173963,4.31294954238342
"680",20240522,0.733744010951403,20,0.503282866433817,0.557335188954151,20.5893964173963,3.94827168623665
"681",20240522,0.733744010951403,21,0.546338728185168,0.576538616027039,20.5893964173963,3.74944216056444
"682",20240522,0.733744010951403,22,0.532567680515145,0.592097851061627,20.5893964173963,3.38491306175415
"683",20240522,0.733744010951403,23,0.547815770718378,0.602602650636368,20.5893964173963,3.14015780950677
"684",20240522,0.733744010951403,24,0.561310176584611,0.611717475715727,20.5893964173963,2.91623279157062
"685",20240522,0.733744010951403,25,0.573711519558531,0.622934585865643,20.5893964173963,2.72355312502668
"686",20240522,0.733744010951403,26,0.584053387741305,0.633768278660666,20.5893964173963,2.54649613372344
"687",20240522,0.733744010951403,27,0.595820499896399,0.643121983614838,20.5893964173963,2.39026937712725
"688",20240522,0.733744010951403,28,0.604818389714002,0.652850472272597,20.5893964173963,2.24445773758685
"689",20240522,0.733744010951403,29,0.614457827344445,0.661738887304341,20.5893964173963,2.11426877405509
"690",20240522,0.733744010951403,30,0.636452265774054,0.670037239199322,20.5893964173963,2.03615539548631
"691",20240522,0.733744010951403,31,0.632119366949156,0.67958298417805,20.5893964173963,1.89034375585968
"692",20240522,0.733744010951403,32,0.640619621720277,0.687389556571719,20.5893964173963,1.79140014379089
"693",20240522,0.733744010951403,33,0.649192248986595,0.695234519973662,20.5893964173963,1.70287164803717
"694",20240522,0.733744010951403,34,0.65626028447035,0.703301417108576,20.5893964173963,1.61955071108956
"695",20240522,0.733744010951403,35,0.663721041803595,0.710027075276361,20.5893964173963,1.5414373328568
"696",20240522,0.733744010951403,36,0.671764903111184,0.717250498730268,20.5893964173963,1.47373907161533
"697",20240522,0.733744010951403,37,0.678663351302465,0.723323327421893,20.5893964173963,1.40604081032912
"698",20240522,0.733744010951403,38,0.684461918010516,0.730142588456077,20.5893964173963,1.34355010775295
"699",20240522,0.733744010951403,39,0.69120935646638,0.73786249429926,20.5893964173963,1.29147452167992
"700",20240522,0.733744010951403,40,0.697024002895239,0.744711506578608,20.5893964173963,1.23939893628334
"701",20240522,0.733744010951403,42.5,0.710941581075653,0.759255413014765,20.5893964173963,1.11962508952344
"702",20240522,0.733744010951403,45,0.72458510027171,0.773344296777803,20.5893964173963,1.02068147688089
"703",20240522,0.733744010951403,47.5,0.736569072489012,0.785693641975115,20.5893964173963,0.932152981531874
"704",20240522,0.733744010951403,50,0.755273453852757,0.799208318368222,20.5893964173963,0.874869837425196
"705",20240522,0.733744010951403,55,0.768600548782616,0.820328906575861,20.5893964173963,0.734265756262315
"706",20240522,0.733744010951403,60,0.785896721082563,0.839873163805093,20.5893964173963,0.635322144100071
"707",20240522,0.733744010951403,65,0.801853127069203,0.857673651790284,20.5893964173963,0.557208765600287
"708",20240522,0.733744010951403,70,0.814905970347346,0.875700406341205,20.5893964173963,0.494718062947169
"709",20240522,0.733744010951403,75,0.826325049293578,0.888784726139583,20.5893964173963,0.437434918729073
"710",20240522,0.733744010951403,80,0.837378815068172,0.900973890256905,20.5893964173963,0.390566891691517
"711",20240522,0.733744010951403,85,0.844108395413669,0.913257898955553,20.5893964173963,0.348906423351604
"712",20240522,0.733744010951403,90,0.852220398247101,0.926593267231295,20.5893964173963,0.317661071956871
"713",20240522,0.733744010951403,95,0.863157836011361,0.937327932642479,20.5893964173963,0.291623279088974
"714",20240522,0.733744010951403,100,0.864723286086195,0.950411273679039,20.5893964173963,0.265585486414005
"715",20240522,0.733744010951403,110,0.88094567285249,0.965728870668802,20.5893964173963,0.223925017918873
"716",20240522,0.733744010951403,120,0.888895802945788,0.984975315385892,20.5893964173963,0.192679666565607
"717",20240522,0.733744010951403,130,0.898996750784196,1.00533774415353,20.5893964173963,0.171849432333989
"718",20240522,0.733744010951403,140,0.915233077994242,1.02179661889633,20.5893964173963,0.156226756685672
"719",20240522,0.733744010951403,150,0.927935073868637,1.04197886672272,20.5893964173963,0.145811639613501
